Date,Platform,Region,Age_Group,Device_Type,Content_Type,Followers,Likes,Comments,Shares,Impressions,Reach,Clicks,Engagement_Rate,Growth_Rate,Hashtag,Post_ID
2024-12-31,Instagram,USA,55+,Web,Image,146748,15575,1531,673,13863,66369,2625,9.0,9.77,#Reels,1
2025-01-17,Twitter,UK,13-18,Web,Reel,29741,16787,3946,1632,1841574,1097110,1236,3.38,7.98,#Reels,2
2024-11-18,Facebook,Canada,45-54,Android,Short,90480,12011,2563,2832,1634476,298698,3340,18.67,11.9,#Digital,3
2025-04-21,TikTok,Canada,45-54,Web,Short,128874,3953,1289,1564,847076,254844,3972,10.0,1.23,#Tech,4
2024-04-08,Facebook,USA,13-18,Web,Reel,170875,1195,279,1047,1118414,1761349,700,0.92,11.43,#Trending,5
2024-08-18,LinkedIn,UAE,25-34,Tablet,Short,1751,14086,3505,1906,760160,737757,2180,2.91,9.83,#Digital,6
2024-01-18,Instagram,Canada,18-24,Tablet,Carousel,82469,17591,1066,1706,646218,1415940,4073,10.37,0.19,#Tech,7
2024-03-24,TikTok,India,45-54,Tablet,Carousel,19400,13406,729,238,1085382,642570,739,9.31,6.14,#Reels,8
2024-04-16,TikTok,Canada,45-54,Android,Image,121313,2917,3816,1690,348752,105909,194,17.32,1.07,#Marketing,9
2024-05-03,Instagram,UAE,18-24,Tablet,Carousel,80760,19112,2887,1877,827473,1166980,2045,17.47,1.85,#Reels,10
2024-02-27,Instagram,India,45-54,Web,Carousel,180951,14495,3522,681,1846000,641455,353,19.08,5.19,#AI,11
2024-08-02,Facebook,Australia,35-44,iOS,Reel,103120,18739,2501,2921,253894,1388783,4406,9.76,2.25,#AI,12
2024-08-13,YouTube,Canada,35-44,Web,Short,146422,19347,1506,2230,1183458,910358,1270,19.16,10.77,#Tech,13
2024-04-06,Instagram,Canada,45-54,iOS,Image,163834,10345,4014,57,1155775,662192,3228,6.48,1.28,#Shorts,14
2024-04-23,Twitter,UK,25-34,Tablet,Video,51865,8542,4666,632,452195,1632134,3997,1.7,7.09,#Marketing,15
2024-05-06,YouTube,Australia,35-44,Web,Video,99283,13999,3600,1630,1710998,1061452,1308,11.01,1.98,#Viral,16
2024-02-17,TikTok,USA,25-34,Web,Reel,139519,10993,921,1905,702973,1593745,3389,4.82,7.21,#Tech,17
2024-03-14,Facebook,USA,13-18,iOS,Image,15667,9298,3321,1192,477506,361033,578,19.15,7.62,#AI,18
2024-02-02,Instagram,India,18-24,Android,Carousel,55666,3567,4991,1548,248523,489494,3243,9.72,3.08,#Reels,19
2025-03-06,LinkedIn,Canada,45-54,Web,Carousel,40677,18007,3151,1915,717677,109719,1950,4.27,10.75,#AI,20
2024-08-12,Instagram,Canada,35-44,Web,Video,95056,11345,1201,399,522191,520362,562,4.14,9.44,#AI,21
2024-04-21,LinkedIn,UAE,55+,Android,Carousel,43761,16769,1691,2918,1293607,1404536,3276,4.33,5.95,#Tech,22
2025-02-13,YouTube,Canada,25-34,Android,Image,161727,3826,1157,64,1789428,1713155,4227,2.17,10.01,#Tech,23
2024-12-05,Facebook,UK,45-54,Android,Carousel,111666,11501,4388,22,771812,1308181,665,7.98,2.86,#Marketing,24
2024-11-30,TikTok,USA,13-18,Tablet,Video,45320,19742,3492,1555,180721,1086262,1892,7.26,7.49,#Shorts,25
2024-09-10,YouTube,Canada,13-18,Web,Carousel,176994,15667,2004,1942,276861,738620,1156,8.93,1.21,#Viral,26
2025-02-24,Instagram,Australia,35-44,Tablet,Image,77940,1630,2697,1139,646154,1549254,2825,12.7,6.22,#Reels,27
2024-04-06,Instagram,USA,45-54,iOS,Image,169644,3781,3966,997,200199,890547,2680,10.45,4.16,#Tech,28
2024-07-27,YouTube,UAE,45-54,Web,Carousel,35467,15996,952,1621,472678,1642028,945,9.87,3.5,#AI,29
2024-03-09,LinkedIn,UAE,55+,Tablet,Short,174561,15124,1776,896,1968905,523655,1926,17.21,8.59,#Marketing,30
2024-11-01,YouTube,Australia,45-54,iOS,Reel,17501,19951,3369,2579,960547,602286,96,4.95,6.46,#Reels,31
2024-11-07,TikTok,Australia,13-18,Android,Image,145309,4921,2888,662,1882261,103270,4176,6.81,2.14,#Marketing,32
2025-03-27,LinkedIn,UAE,13-18,Web,Image,23205,4300,4519,2938,1614487,1676402,3981,12.91,9.71,#Viral,33
2024-01-03,Facebook,India,18-24,Tablet,Video,138012,11021,3951,1824,1243958,1100859,3388,2.59,6.28,#Viral,34
2024-12-06,LinkedIn,India,13-18,Web,Short,124366,15276,3898,1064,631627,1140382,1940,16.19,8.59,#Tech,35
2024-02-09,Instagram,UK,13-18,Web,Video,63685,18893,3579,2240,1153822,1041616,2596,16.35,0.23,#Trending,36
2024-11-18,Instagram,UK,18-24,Web,Video,63493,5909,2215,280,1198974,1022831,2500,5.97,8.59,#Trending,37
2024-03-25,LinkedIn,UAE,45-54,Android,Video,75963,17094,3997,430,827095,867371,2288,5.69,10.27,#Tech,38
2024-02-17,Instagram,UK,13-18,Tablet,Short,51173,13079,2205,23,418435,999111,1148,4.58,3.39,#Shorts,39
2025-03-21,Facebook,India,18-24,Tablet,Video,64661,5441,259,1776,230554,1283355,715,6.65,0.87,#AI,40
2024-06-25,YouTube,Canada,45-54,Android,Carousel,80234,6374,3871,1805,1131246,1054773,2368,12.49,2.6,#Reels,41
2024-05-15,TikTok,USA,55+,Android,Image,120649,18985,1413,2955,1645630,1667899,4668,9.34,8.42,#AI,42
2024-12-27,LinkedIn,USA,25-34,Tablet,Reel,112881,10958,4142,1334,1357353,817186,4933,5.6,6.07,#Trending,43
2024-04-09,Twitter,India,18-24,Web,Reel,47756,3672,3550,336,223582,814510,3535,19.67,3.3,#Trending,44
2025-01-15,Instagram,UK,18-24,Web,Short,163128,13485,485,255,1630544,1123985,3457,8.32,9.5,#Tech,45
2024-12-14,Instagram,UK,45-54,Tablet,Short,27795,13120,2428,1465,1030685,249434,4337,6.56,3.85,#AI,46
2024-06-29,YouTube,UAE,35-44,iOS,Reel,77827,3319,2211,498,1145477,282804,1334,18.71,2.58,#Digital,47
2024-12-24,YouTube,USA,25-34,iOS,Carousel,66366,4202,1460,371,1087614,167264,2243,14.79,1.2,#Marketing,48
2024-12-19,LinkedIn,Canada,13-18,iOS,Image,23156,981,846,2034,988655,761246,4743,1.76,11.71,#Trending,49
2024-08-01,Twitter,Canada,35-44,Web,Carousel,140480,10620,1768,1748,1546920,863387,4116,3.7,7.07,#Digital,50
2024-04-28,TikTok,UAE,45-54,Web,Reel,13138,14446,3421,2979,1700289,1516037,4902,15.83,2.82,#Shorts,51
2024-12-16,Facebook,Canada,45-54,iOS,Reel,77433,17059,3857,2219,1267317,1737491,3367,8.58,5.98,#Reels,52
2025-02-15,TikTok,Australia,45-54,iOS,Image,190922,16266,3121,1149,1342983,1403864,3399,2.48,0.31,#Trending,53
2024-10-17,TikTok,India,35-44,iOS,Image,97833,12698,3517,1676,1702453,239662,3819,6.91,6.71,#Marketing,54
2025-04-26,Twitter,USA,45-54,Android,Short,144428,10382,3926,487,1028987,388468,4219,12.91,10.57,#Viral,55
2024-03-17,Twitter,Australia,25-34,iOS,Short,142561,7789,4615,1497,569849,738270,3435,12.79,8.63,#Reels,56
2024-06-17,Twitter,UK,35-44,Web,Carousel,117399,15086,905,17,1422950,1490709,4224,3.98,11.73,#Reels,57
2025-01-22,Facebook,India,55+,Web,Reel,47865,10603,2972,821,773402,1779686,4299,15.07,7.0,#AI,58
2024-04-16,YouTube,India,25-34,iOS,Carousel,92119,3966,1559,2394,361196,367940,4325,8.05,0.59,#Viral,59
2024-11-21,Facebook,Canada,55+,Web,Short,56467,13135,4567,2668,1363287,346640,3848,15.01,10.11,#Trending,60
2024-03-05,TikTok,UK,55+,Web,Video,85516,4579,1040,2506,360166,1284589,3833,12.87,0.54,#Reels,61
2024-11-27,YouTube,Australia,25-34,Web,Image,122466,3830,4609,497,755931,665510,1146,1.97,2.92,#Reels,62
2025-02-22,Facebook,USA,45-54,iOS,Reel,53538,6659,856,2738,528533,1462783,3840,3.53,6.64,#Shorts,63
2024-11-10,Twitter,India,25-34,Web,Reel,130643,12311,4519,842,1064854,1709354,198,15.0,7.9,#Marketing,64
2025-01-29,Facebook,Australia,35-44,Android,Video,81502,6190,3162,2735,1303535,1636742,4584,2.57,11.98,#Digital,65
2024-10-05,YouTube,Canada,45-54,iOS,Reel,174814,736,4699,1801,262795,1099479,525,4.43,9.78,#Reels,66
2024-07-24,YouTube,UK,13-18,Tablet,Reel,46104,478,1961,2603,963358,1694571,1587,17.32,1.7,#Digital,67
2024-05-26,TikTok,India,18-24,iOS,Video,50058,16839,3996,1836,1551735,1391730,4950,19.3,8.01,#Marketing,68
2025-04-29,Instagram,Australia,13-18,Web,Short,105152,10358,867,2200,1188146,749912,170,4.59,1.18,#Marketing,69
2024-09-28,Instagram,UAE,35-44,iOS,Image,197380,2227,1626,1703,1813151,162130,2591,4.65,7.29,#Marketing,70
2025-05-06,Twitter,India,45-54,Web,Short,82015,11874,2930,1969,1555956,480837,4450,9.84,6.38,#Marketing,71
2025-02-15,Facebook,India,35-44,Android,Video,37589,13350,720,2354,147544,310807,2216,3.9,2.56,#AI,72
2024-09-10,Twitter,India,45-54,Android,Carousel,37544,10456,305,65,208649,1315623,1552,12.62,10.92,#Trending,73
2025-05-07,YouTube,USA,55+,Web,Image,35507,2491,341,1608,552091,1774880,3514,14.95,4.85,#Tech,74
2024-06-07,Facebook,Canada,18-24,Tablet,Carousel,1435,16395,3791,696,571124,1735507,4866,15.25,7.78,#Reels,75
2024-06-29,Twitter,Australia,25-34,Web,Reel,165332,10077,970,1459,792861,1727632,3919,18.01,9.88,#Shorts,76
2024-03-11,Twitter,UK,25-34,Tablet,Image,134188,11928,1206,51,1853927,344202,1313,5.25,8.28,#Reels,77
2024-12-31,YouTube,Australia,25-34,Web,Carousel,14422,1108,2067,107,1788096,1393677,3076,19.25,6.54,#Tech,78
2025-01-06,YouTube,Canada,55+,Tablet,Carousel,65599,5990,4693,2954,1248853,252130,836,0.86,11.41,#AI,79
2024-06-03,Twitter,UAE,18-24,Android,Carousel,52220,4286,860,180,1414881,1013203,784,20.0,3.99,#Trending,80
2024-07-27,LinkedIn,Australia,55+,Tablet,Reel,23935,10586,3917,2543,502051,1705953,2328,11.89,1.71,#Shorts,81
2025-01-25,TikTok,UAE,35-44,Web,Image,118331,5056,3217,208,1617196,1101299,3844,13.78,9.88,#Tech,82
2024-09-27,LinkedIn,Canada,13-18,Android,Short,35127,5884,2706,2129,1189383,359185,3306,3.45,6.74,#Viral,83
2024-09-12,Twitter,India,13-18,iOS,Reel,85427,19113,1241,1083,393984,331937,2860,2.88,11.77,#Digital,84
2024-09-01,Facebook,Australia,13-18,Web,Image,94273,4019,2366,2345,876657,1705115,4226,6.06,6.65,#AI,85
2024-12-25,TikTok,USA,18-24,Tablet,Carousel,80109,7997,3703,1673,1178267,975766,4545,11.58,8.25,#Tech,86
2025-04-04,LinkedIn,USA,35-44,Tablet,Video,197217,17416,2852,2015,780433,1604028,2719,2.98,1.84,#Trending,87
2025-03-14,Instagram,India,35-44,Android,Video,143659,4489,4564,2314,1632667,1065349,1578,18.72,1.84,#AI,88
2025-03-31,Twitter,UK,35-44,Tablet,Reel,135131,16633,3028,2932,919522,866884,511,15.51,5.2,#Shorts,89
2024-05-09,Instagram,India,13-18,Android,Short,183916,19339,4133,1284,861657,25222,2997,6.78,3.13,#Viral,90
2024-02-13,Twitter,Canada,13-18,Tablet,Short,124242,1663,359,309,1186505,20423,4035,19.7,11.43,#Marketing,91
2024-07-05,LinkedIn,Australia,13-18,iOS,Image,63873,9585,4989,1567,502698,84605,322,19.62,5.19,#Trending,92
2024-12-23,Facebook,USA,13-18,Android,Video,187471,11924,4402,823,956351,1106430,3247,6.79,11.16,#Digital,93
2024-07-02,Facebook,UAE,18-24,Web,Carousel,137286,7843,1685,483,670834,1577156,1105,15.37,1.64,#Shorts,94
2024-01-26,Instagram,Canada,13-18,Tablet,Short,50425,7546,2148,178,71094,186529,4343,4.95,11.93,#AI,95
2025-03-10,TikTok,UAE,35-44,Web,Short,179952,16041,4647,556,202592,1583475,1894,2.95,3.66,#Shorts,96
2025-04-13,TikTok,India,55+,Tablet,Video,22409,12838,2349,2327,928967,1015949,1014,15.84,7.51,#Marketing,97
2024-11-08,Instagram,USA,35-44,Android,Carousel,13198,4132,4083,44,1192360,1786077,4364,11.67,7.05,#Shorts,98
2024-11-01,Twitter,Canada,55+,Android,Image,86008,14580,545,1607,633827,70445,1804,10.03,11.94,#Digital,99
2024-09-25,Instagram,India,35-44,Android,Image,78055,6422,3423,2439,953806,1315453,3067,10.05,10.04,#Shorts,100
2024-01-19,Instagram,India,45-54,iOS,Image,187032,9105,3071,1682,1328743,465979,2409,20.0,2.46,#Trending,101
2025-04-10,LinkedIn,UK,35-44,Web,Image,91239,1442,653,1498,960297,1278601,4800,12.94,6.72,#Marketing,102
2024-01-02,TikTok,USA,18-24,Tablet,Video,127126,17285,2404,323,241979,703369,4280,15.44,2.53,#Viral,103
2024-02-21,Facebook,UAE,18-24,Android,Image,133272,9897,3746,1802,1606454,1607096,1032,1.26,5.62,#AI,104
2025-03-04,Twitter,Canada,55+,Web,Video,61409,16878,4577,234,41512,1118666,1274,15.88,2.45,#Tech,105
2025-01-08,LinkedIn,UK,13-18,iOS,Short,130399,17398,1267,2407,1690518,1729114,2886,1.83,7.08,#Reels,106
2024-08-21,Facebook,Australia,35-44,Tablet,Video,186700,6566,2099,830,1707296,1199426,2947,0.88,9.83,#Shorts,107
2024-10-31,Facebook,UK,35-44,iOS,Reel,195932,8287,3480,1837,593283,589805,4611,11.28,0.54,#Viral,108
2024-02-26,YouTube,UAE,55+,Web,Reel,172144,14486,2727,535,189163,255307,3234,15.52,9.84,#Shorts,109
2025-04-20,YouTube,India,55+,iOS,Short,127442,8524,468,472,290101,1119276,1520,9.58,1.97,#Trending,110
2025-03-09,Instagram,Australia,35-44,Tablet,Carousel,173102,19547,2304,2239,997176,829197,887,0.68,8.76,#Reels,111
2024-12-08,Instagram,India,18-24,Tablet,Reel,163241,11942,4417,2989,1598499,718668,3461,9.72,11.16,#Viral,112
2024-01-04,YouTube,Canada,18-24,Web,Video,24670,15048,336,2109,1952241,1210411,4504,13.09,5.7,#Shorts,113
2024-03-08,LinkedIn,UK,35-44,Web,Short,34236,1092,2396,2941,979125,335716,4153,4.48,1.7,#Marketing,114
2024-05-19,Twitter,Canada,13-18,Android,Carousel,102864,3742,4984,947,812122,1129156,3831,9.45,7.54,#Shorts,115
2024-05-29,LinkedIn,UK,55+,Android,Reel,105011,19297,320,2565,741842,218366,3132,19.11,0.72,#Trending,116
2025-04-18,Facebook,Canada,13-18,Web,Carousel,164113,4929,4625,584,1201566,607831,4065,8.96,10.06,#Digital,117
2024-04-13,Facebook,India,18-24,Android,Image,11115,2287,1207,1211,636766,1514222,3147,10.46,0.8,#Trending,118
2025-05-04,LinkedIn,UAE,45-54,Web,Image,169947,5255,4234,561,1303642,1173300,3145,10.36,0.57,#Reels,119
2024-12-20,Instagram,Australia,35-44,iOS,Image,95134,10631,1099,1646,191346,45791,3694,15.37,1.13,#Trending,120
2024-01-04,Facebook,Australia,18-24,Tablet,Reel,95331,14646,1639,1125,425829,1218373,721,19.81,9.28,#Viral,121
2025-01-30,LinkedIn,Australia,35-44,Tablet,Carousel,152974,13590,1476,1260,431265,1108216,4538,2.29,10.82,#Trending,122
2024-09-16,YouTube,India,18-24,Android,Reel,129516,19671,1448,392,1321148,100047,3326,2.56,10.1,#Marketing,123
2024-08-31,Twitter,Canada,18-24,Web,Carousel,42526,9158,956,718,1074934,806687,1791,11.68,3.3,#Tech,124
2024-08-10,LinkedIn,India,25-34,Android,Video,14209,18356,974,1347,1442381,492550,550,19.42,2.66,#Trending,125
2024-09-19,TikTok,Canada,45-54,Tablet,Video,53279,4379,3847,2603,1518476,1700840,4062,3.5,11.56,#Digital,126
2024-09-22,Twitter,Canada,18-24,Android,Reel,14535,18602,3227,474,981026,1768887,931,17.9,6.0,#AI,127
2024-03-28,Instagram,India,25-34,Web,Carousel,40864,6192,352,866,1651517,388231,4425,8.19,10.98,#Digital,128
2024-01-15,LinkedIn,Canada,18-24,Tablet,Video,149621,3562,4632,451,1366839,533699,4851,9.44,9.81,#Shorts,129
2025-05-01,Instagram,UAE,25-34,Web,Carousel,191231,13003,1569,514,1920672,633951,3822,13.06,9.18,#Reels,130
2025-04-12,Facebook,Australia,55+,Tablet,Video,47161,4913,4665,2191,1185413,1600763,2459,14.14,10.72,#Reels,131
2025-01-12,TikTok,Canada,25-34,Web,Carousel,119655,9263,871,2446,376638,997490,3873,5.52,6.09,#Marketing,132
2024-07-17,Twitter,Canada,45-54,Tablet,Reel,94422,4626,4736,2723,1778640,471836,1042,6.8,9.45,#Viral,133
2024-05-20,Twitter,USA,35-44,Android,Reel,83421,15126,2667,1337,1651471,692875,604,5.89,2.04,#Tech,134
2025-03-14,Facebook,Australia,35-44,Tablet,Short,18838,4421,4169,1916,18408,464811,1574,17.89,1.08,#Shorts,135
2024-01-28,LinkedIn,Australia,25-34,Android,Video,95391,5234,3568,1240,985496,1791806,1852,13.89,9.88,#Digital,136
2024-10-21,YouTube,UK,18-24,Web,Image,181759,17136,3050,135,1043741,1744739,1396,6.3,5.87,#Reels,137
2025-02-05,YouTube,USA,45-54,Tablet,Short,68696,8738,554,569,1911497,1360007,4156,2.55,8.25,#Reels,138
2025-03-21,TikTok,Australia,45-54,Web,Image,103545,5563,620,2392,1721502,676008,4788,0.91,1.04,#Marketing,139
2025-01-01,Twitter,USA,55+,iOS,Video,102133,13144,4976,2764,806498,1300215,4619,17.44,5.85,#Shorts,140
2024-11-26,LinkedIn,Australia,45-54,Tablet,Reel,29959,4580,4498,1964,279032,61924,1600,4.73,10.86,#Digital,141
2024-12-21,Twitter,UK,18-24,Android,Image,182849,8441,4722,2279,1598846,1529848,2639,3.57,9.48,#Marketing,142
2024-04-26,Twitter,India,35-44,iOS,Reel,115244,11697,2944,1448,193895,770838,2930,19.78,5.24,#Viral,143
2024-04-09,Instagram,USA,45-54,Android,Short,56489,9668,660,460,547706,1522042,3529,3.65,4.5,#Viral,144
2024-07-12,YouTube,USA,35-44,Android,Short,128327,17273,323,2276,1927489,797778,1126,13.3,3.04,#Digital,145
2024-10-30,LinkedIn,UK,55+,Android,Reel,82665,18404,4343,1802,1611503,890500,316,4.74,5.39,#Digital,146
2025-05-08,TikTok,Canada,35-44,Web,Carousel,126032,6528,180,1024,1032159,1737177,3162,12.52,10.73,#Shorts,147
2024-01-17,Twitter,India,18-24,Web,Video,119015,1132,1958,741,1786950,657827,4282,13.62,4.51,#Trending,148
2024-05-13,LinkedIn,USA,13-18,Web,Carousel,90647,19386,2060,620,206554,474930,4241,17.4,9.13,#AI,149
2024-12-26,TikTok,India,35-44,Web,Short,46286,18398,2881,776,557007,609400,2648,10.6,6.13,#Digital,150
2024-04-19,LinkedIn,Canada,45-54,Web,Video,152271,16826,1982,598,171750,1362944,4706,16.81,1.57,#Shorts,151
2024-03-27,LinkedIn,UAE,55+,Android,Carousel,188357,1513,2403,355,1323575,88392,1518,2.52,11.3,#Tech,152
2024-02-16,YouTube,Canada,18-24,iOS,Image,82498,17931,970,1325,1379386,244064,4916,7.43,4.56,#Trending,153
2024-09-28,Facebook,UK,18-24,iOS,Carousel,96067,6225,4481,26,1361251,1594625,1077,0.75,5.44,#Reels,154
2024-11-11,YouTube,Canada,18-24,iOS,Reel,33541,19570,909,1729,129929,110862,3542,7.72,4.41,#Tech,155
2024-10-23,LinkedIn,Australia,45-54,iOS,Image,142441,240,4693,1384,127478,1692029,4304,1.28,1.49,#Tech,156
2025-02-13,YouTube,Canada,55+,Web,Reel,56133,1419,479,2252,157813,861044,2988,19.41,5.49,#Reels,157
2024-10-28,TikTok,Canada,25-34,Tablet,Image,35498,5762,1706,2939,1079073,640399,3512,12.16,10.26,#Digital,158
2025-03-09,TikTok,USA,18-24,iOS,Short,118046,14889,2848,2938,819127,418254,3497,8.39,10.3,#Marketing,159
2024-09-13,Instagram,UK,35-44,Tablet,Video,51445,1182,1508,2931,1424867,770254,4827,11.91,2.84,#Viral,160
2025-02-23,YouTube,Australia,18-24,Tablet,Image,193880,17537,1894,1657,500637,720953,2820,7.9,1.96,#Tech,161
2025-02-17,LinkedIn,India,55+,Tablet,Short,163543,1424,2648,1797,1414180,765278,4670,1.45,8.61,#Trending,162
2025-01-20,TikTok,UK,55+,Tablet,Short,41066,2210,1672,1061,857124,600557,2596,16.17,10.49,#Digital,163
2025-04-12,YouTube,UAE,25-34,iOS,Video,77075,14254,2014,1358,254618,332187,311,3.41,5.51,#Trending,164
2024-11-20,Instagram,Australia,35-44,iOS,Video,12183,17310,1464,1994,1644860,882115,145,12.07,0.53,#Trending,165
2025-02-18,Instagram,Australia,35-44,Android,Image,130570,4962,967,721,1952946,136922,876,1.88,3.52,#Reels,166
2025-01-26,YouTube,USA,35-44,Tablet,Short,177288,15134,3674,29,1252733,78160,851,13.17,10.48,#Viral,167
2024-12-15,LinkedIn,USA,18-24,iOS,Short,18508,11098,3703,2931,522419,1177687,3458,5.26,5.46,#Viral,168
2025-05-01,LinkedIn,Australia,18-24,Android,Video,165413,18797,2172,2649,268987,842030,2603,16.03,8.85,#Tech,169
2024-03-01,Twitter,India,35-44,Android,Reel,145608,2308,3836,2905,1993624,817080,1251,17.67,5.13,#Shorts,170
2024-11-17,LinkedIn,India,55+,Android,Video,95191,15403,4877,701,1273617,1133633,3451,6.95,6.51,#Reels,171
2025-01-07,TikTok,India,25-34,iOS,Reel,148926,12304,3125,1917,785250,1582247,2261,11.22,7.36,#Marketing,172
2024-09-11,Facebook,UAE,13-18,Web,Reel,144414,13362,3238,1188,1413297,731316,4299,16.3,10.43,#Trending,173
2025-04-05,TikTok,Canada,35-44,Tablet,Carousel,154819,11340,1970,2064,1824591,1129297,190,8.65,6.74,#Viral,174
2024-11-19,LinkedIn,UK,25-34,Tablet,Reel,82424,3842,4935,694,549701,1643887,2831,4.7,0.8,#Reels,175
2024-10-27,Facebook,Canada,25-34,iOS,Video,85171,3097,4851,1334,48472,1568176,3132,0.93,6.31,#Reels,176
2024-11-03,Facebook,Australia,25-34,Tablet,Image,115105,11333,1226,2985,1897442,234879,4630,13.71,10.78,#Marketing,177
2024-05-15,Twitter,India,35-44,Tablet,Short,127847,1256,3877,1202,368910,773441,3112,13.19,4.3,#AI,178
2025-05-01,TikTok,UAE,55+,Web,Video,148199,3406,3257,436,305806,1223856,3128,3.62,1.1,#Trending,179
2024-03-29,Twitter,India,35-44,iOS,Image,36400,15294,2457,1759,98184,1355555,115,12.87,11.32,#Marketing,180
2025-03-30,LinkedIn,Australia,13-18,iOS,Reel,92210,18890,791,206,1274848,1340500,4042,10.96,4.54,#Marketing,181
2024-05-21,LinkedIn,UK,25-34,Web,Carousel,24837,7220,3617,2335,599932,1515526,1673,3.42,7.08,#Tech,182
2025-02-16,Facebook,Australia,18-24,Android,Video,118777,13341,3238,886,272545,791831,1436,4.59,3.36,#Trending,183
2024-12-30,Twitter,Australia,45-54,Android,Short,182457,9080,2157,2235,728628,1339966,3846,9.7,10.88,#Viral,184
2024-11-15,Twitter,India,45-54,Android,Reel,18913,10216,3751,1063,126498,392899,3758,12.17,1.47,#AI,185
2024-12-06,LinkedIn,India,25-34,Web,Carousel,62695,4895,2910,675,477428,65645,4964,14.17,9.12,#Trending,186
2025-02-24,Instagram,UAE,45-54,Tablet,Carousel,196182,14890,4283,693,1311594,635329,3756,2.6,2.47,#Viral,187
2024-04-29,Instagram,UK,45-54,Tablet,Reel,92492,16233,1340,172,576326,1493183,3016,6.36,6.01,#AI,188
2025-05-11,TikTok,USA,35-44,iOS,Video,50293,13652,104,1436,505339,416425,148,19.42,10.34,#AI,189
2025-04-25,Instagram,India,35-44,iOS,Reel,187318,6932,2841,1243,591973,58411,3655,17.51,11.51,#Reels,190
2025-01-12,Twitter,USA,13-18,Web,Reel,116904,19407,1126,2001,160674,815424,3621,18.98,4.32,#Viral,191
2025-02-28,Instagram,India,25-34,Tablet,Video,147314,693,3945,1850,1205335,1010358,2816,7.34,9.32,#Viral,192
2025-04-17,TikTok,UK,45-54,Android,Image,140182,15139,1943,2950,121561,574101,1095,12.53,5.49,#Digital,193
2025-01-07,TikTok,UAE,35-44,iOS,Reel,54339,11132,1466,2508,325759,553454,2716,17.64,4.81,#Viral,194
2024-09-07,Instagram,UAE,45-54,Web,Video,40712,7580,4904,264,1555020,1270716,1633,3.08,1.3,#Digital,195
2025-03-23,LinkedIn,Canada,45-54,Tablet,Reel,145548,13239,1265,2936,314361,1384012,4259,1.6,2.74,#Viral,196
2024-02-28,LinkedIn,India,18-24,Web,Reel,186929,4078,4813,1955,1644585,1281875,2678,12.44,3.42,#Viral,197
2025-05-08,YouTube,Australia,55+,iOS,Short,43736,15762,2645,1589,880387,1507725,3259,11.37,4.74,#Reels,198
2024-03-18,Instagram,UK,25-34,Web,Short,176683,731,4277,2250,1789193,398597,582,15.28,10.59,#Shorts,199
2024-01-09,Facebook,USA,35-44,Tablet,Reel,150908,19318,4024,2796,1149241,1512681,828,3.8,8.17,#Reels,200
2024-07-25,Instagram,India,35-44,Web,Short,100021,10385,2152,2331,1211992,738686,3237,16.03,3.42,#Viral,201
2025-01-25,Instagram,Canada,18-24,Android,Reel,155703,8804,74,631,1536980,642360,776,16.58,10.24,#Tech,202
2024-03-06,TikTok,Canada,35-44,Web,Video,189976,2040,4002,2535,608854,1794451,3171,4.34,8.21,#Tech,203
2024-08-10,TikTok,Canada,18-24,Tablet,Reel,182128,3915,3737,1339,1526157,889097,4144,7.84,11.18,#Viral,204
2024-07-17,Instagram,India,25-34,Android,Reel,141200,18219,750,74,732020,1355647,935,8.51,2.17,#Viral,205
2024-02-10,Instagram,UAE,13-18,Tablet,Video,17680,19438,189,2609,1342526,1208096,2787,3.93,9.24,#Marketing,206
2025-01-10,LinkedIn,Canada,45-54,Web,Image,73174,3912,4660,1576,1602470,698573,3420,6.11,4.73,#Shorts,207
2025-04-03,LinkedIn,Australia,13-18,Android,Reel,47913,10205,2303,1809,1826047,251699,58,4.08,4.67,#Digital,208
2024-03-17,Instagram,USA,18-24,iOS,Reel,153350,10677,1794,1681,680073,318681,181,15.63,10.85,#Shorts,209
2025-04-05,YouTube,UAE,45-54,iOS,Carousel,62630,1068,1868,2630,1344576,593149,2874,9.88,5.57,#Marketing,210
2024-06-02,YouTube,USA,45-54,Android,Video,86813,1605,2922,631,248053,1429450,762,14.5,11.32,#Tech,211
2025-05-05,Instagram,Australia,25-34,Tablet,Image,1945,14346,3139,119,499843,47588,3839,17.26,9.85,#Reels,212
2024-05-03,Facebook,USA,45-54,iOS,Reel,191052,13573,409,2842,415147,1349158,3455,18.0,0.76,#Marketing,213
2025-05-12,TikTok,Canada,45-54,Web,Reel,97638,12356,1179,1293,1635378,145858,1308,1.12,0.31,#Reels,214
2024-05-15,TikTok,Canada,18-24,Android,Video,16692,14128,2385,2656,1756527,462064,4248,11.35,11.44,#Reels,215
2024-09-26,LinkedIn,Australia,18-24,Tablet,Image,188032,5836,3145,2804,1845507,1721992,460,19.19,4.79,#AI,216
2025-03-04,TikTok,UK,18-24,Tablet,Image,199849,18774,2005,1230,1189465,151263,172,16.85,11.9,#Marketing,217
2024-09-08,Twitter,Australia,45-54,Android,Carousel,175945,13682,2185,1346,1665821,981812,2832,17.49,7.39,#Viral,218
2024-09-14,Facebook,Australia,25-34,Tablet,Video,86086,5184,1283,1910,904080,858064,3103,7.62,10.25,#Marketing,219
2024-09-04,TikTok,India,18-24,iOS,Reel,148239,2462,2969,2010,1148670,1586486,1331,14.3,7.36,#Trending,220
2024-06-18,TikTok,India,45-54,Android,Short,187153,5708,3268,1110,1743623,1406702,697,9.89,4.02,#Marketing,221
2024-07-25,LinkedIn,UK,18-24,iOS,Video,112284,18153,1833,22,717316,589218,3063,12.19,0.28,#Tech,222
2025-03-16,Twitter,Australia,25-34,Tablet,Carousel,120131,13273,1618,705,604865,233288,3043,14.06,3.74,#Shorts,223
2025-04-16,TikTok,India,45-54,Android,Image,179494,8378,1347,2913,686042,572673,3736,12.61,3.79,#Viral,224
2024-03-04,TikTok,Australia,18-24,iOS,Carousel,142660,11462,1924,991,1726547,533001,1733,14.02,10.47,#Reels,225
2025-04-26,YouTube,UK,25-34,iOS,Reel,182630,6081,463,321,86987,992985,4556,11.53,0.69,#AI,226
2024-01-04,TikTok,India,18-24,Tablet,Reel,26069,8461,4129,2248,1196629,164881,2781,9.36,10.86,#Shorts,227
2024-01-18,TikTok,India,13-18,Web,Image,156258,3638,4878,2345,1171371,850991,2436,6.12,8.66,#AI,228
2024-03-29,YouTube,USA,45-54,Tablet,Image,93144,17396,3047,1584,739296,320944,1139,13.14,3.83,#Reels,229
2024-08-26,LinkedIn,UAE,35-44,Web,Reel,80520,240,3469,351,1379854,129182,456,7.59,8.12,#Viral,230
2024-08-03,LinkedIn,Canada,55+,Android,Short,10937,253,2866,620,1390436,48719,170,16.32,5.2,#Tech,231
2024-07-16,Twitter,Australia,45-54,iOS,Image,187696,8862,4347,2567,292110,260441,464,14.65,11.55,#Marketing,232
2024-04-07,YouTube,UK,13-18,Web,Video,119189,1942,1090,2463,880569,703243,4515,7.26,0.43,#Tech,233
2024-02-20,TikTok,Australia,35-44,Android,Carousel,87709,15366,4954,411,1025280,295336,3410,10.58,1.81,#AI,234
2024-12-23,TikTok,Australia,35-44,iOS,Carousel,36622,14494,2568,2247,976129,122120,2496,5.07,8.2,#AI,235
2024-05-10,Facebook,Australia,18-24,Web,Video,12355,14307,497,317,770261,374774,3582,18.53,11.39,#Reels,236
2024-05-26,YouTube,UK,35-44,iOS,Image,99295,8120,1275,354,827940,1231222,3620,6.31,9.86,#AI,237
2024-10-29,Twitter,Canada,45-54,Web,Short,165764,684,3417,1617,91493,1384413,1115,18.45,4.24,#AI,238
2024-02-15,YouTube,Australia,55+,iOS,Short,19572,15430,3038,908,1453145,447577,755,1.65,3.7,#Trending,239
2025-03-17,Facebook,UAE,55+,Android,Video,30093,16802,2854,2519,1075448,1528302,2015,4.03,1.78,#Digital,240
2025-02-23,YouTube,India,25-34,Web,Reel,174235,5071,3325,497,479955,533050,2305,12.84,5.82,#Tech,241
2024-01-19,Facebook,USA,13-18,iOS,Image,93954,15366,893,1975,35680,100910,4006,11.04,11.55,#Tech,242
2025-04-20,Instagram,Canada,18-24,Web,Image,28614,11626,4834,1757,1984390,1561022,1584,17.18,1.07,#Tech,243
2024-06-23,Facebook,Canada,25-34,Web,Reel,167591,6418,3808,76,1560078,849845,4409,16.13,10.5,#Marketing,244
2025-03-14,TikTok,Australia,55+,Tablet,Reel,149537,7062,997,936,598307,339057,3890,2.08,2.74,#Tech,245
2024-03-14,Facebook,UK,35-44,iOS,Reel,113972,10285,3156,323,1181662,924793,3083,6.08,0.52,#Shorts,246
2025-04-10,LinkedIn,Canada,18-24,Android,Carousel,180923,3596,4411,2465,28201,976072,1187,11.47,0.12,#Shorts,247
2024-03-03,TikTok,USA,18-24,Web,Video,123789,5592,2339,1893,1823860,1209962,1563,4.8,11.01,#Trending,248
2024-07-14,YouTube,USA,13-18,iOS,Short,1795,1415,3765,222,165254,39560,1987,16.47,5.59,#Tech,249
2024-05-19,YouTube,UAE,13-18,Android,Carousel,145488,13603,2542,112,1866341,511138,4021,16.01,7.27,#Viral,250
2025-02-14,LinkedIn,UAE,18-24,Tablet,Short,64417,19615,1106,1855,1589174,649546,2076,6.96,11.67,#Shorts,251
2024-04-02,YouTube,UK,18-24,Tablet,Image,75665,2947,2301,2330,1518422,1183105,672,18.52,5.63,#Marketing,252
2025-04-04,Instagram,Australia,35-44,iOS,Image,196785,13909,4578,1609,1341768,1075357,1193,13.69,4.52,#Digital,253
2025-01-29,Twitter,USA,35-44,iOS,Image,139176,8520,206,2983,1076792,398500,4704,5.95,4.96,#Viral,254
2025-01-22,YouTube,India,55+,Web,Carousel,188073,13510,3176,645,1158687,182071,1575,13.21,9.35,#Tech,255
2024-02-15,Facebook,USA,45-54,iOS,Image,186664,16669,423,2575,1220601,183346,304,8.76,1.23,#Reels,256
2024-05-02,Instagram,UAE,55+,Tablet,Short,183135,12186,4966,1094,488486,18281,243,0.67,8.9,#Viral,257
2025-03-18,TikTok,Canada,18-24,iOS,Short,84098,9519,2712,512,18066,91951,3759,12.21,5.48,#Tech,258
2024-07-06,Facebook,Australia,55+,Android,Reel,181961,9833,3934,1862,1228806,765042,2192,2.73,1.87,#Marketing,259
2025-02-11,TikTok,UAE,35-44,Tablet,Image,91746,3507,2052,196,1680660,1721072,2819,4.83,2.82,#Tech,260
2024-10-08,Facebook,Canada,13-18,Web,Short,17600,9804,2630,271,1534878,1358964,2626,14.97,5.32,#Digital,261
2024-10-10,Instagram,USA,55+,iOS,Image,165259,7306,4779,397,964265,1040437,1635,14.42,11.41,#AI,262
2025-03-17,Instagram,UAE,45-54,Web,Video,115403,5515,1420,134,818717,1330841,3311,0.76,11.66,#Reels,263
2024-04-20,YouTube,UAE,25-34,Android,Carousel,155973,12167,4834,1019,1151033,1292985,844,8.09,6.0,#Tech,264
2024-09-16,Twitter,UK,45-54,Tablet,Video,191978,6234,2506,2312,1513345,1321512,2639,8.67,1.61,#Trending,265
2024-04-09,Facebook,Canada,13-18,Tablet,Reel,197916,4747,3695,1363,26378,1780747,4669,7.43,11.37,#Viral,266
2024-07-25,TikTok,UAE,18-24,Android,Video,71339,11144,1496,2774,1506480,1579753,1254,12.14,8.86,#Digital,267
2024-12-07,Facebook,Canada,25-34,iOS,Image,96661,10129,3804,1631,498857,1663295,1693,7.96,8.85,#Viral,268
2025-03-19,TikTok,UK,45-54,Web,Short,113324,10706,297,380,105682,477280,2823,1.06,0.5,#Marketing,269
2025-03-08,Instagram,India,35-44,iOS,Carousel,125746,10235,869,2941,649123,714682,4206,16.07,7.96,#Viral,270
2024-11-08,Twitter,USA,18-24,Web,Reel,10175,8079,15,2146,301730,1566254,3143,11.04,2.59,#Trending,271
2025-04-16,TikTok,UK,18-24,Web,Reel,62122,7980,870,239,430646,350822,674,1.55,11.53,#Tech,272
2024-12-09,Facebook,UK,45-54,Tablet,Carousel,49545,11444,4046,76,1929792,650233,2541,8.23,0.32,#Shorts,273
2024-04-10,Instagram,Australia,25-34,Tablet,Short,150743,3676,2485,2903,417545,773477,1594,17.32,10.3,#Marketing,274
2025-01-23,YouTube,Canada,25-34,Tablet,Reel,80306,2772,883,2102,662612,776657,1626,10.75,6.6,#Viral,275
2024-11-21,YouTube,USA,35-44,Tablet,Short,151770,17217,3193,2542,1555182,169240,261,14.52,6.54,#Shorts,276
2024-04-22,LinkedIn,UAE,13-18,Tablet,Reel,108057,17976,919,2085,929032,121632,995,12.09,10.74,#Marketing,277
2024-11-08,LinkedIn,UAE,13-18,Tablet,Short,22271,15600,543,2702,217251,287275,3229,11.25,0.2,#Shorts,278
2024-03-01,TikTok,UK,35-44,Android,Image,69114,11102,1271,2897,546428,1767581,2210,15.42,11.7,#Viral,279
2024-05-17,YouTube,USA,25-34,iOS,Reel,167784,19488,869,963,179572,598769,697,13.37,2.34,#Digital,280
2024-07-13,Instagram,UAE,35-44,Web,Video,130728,11400,4446,1476,1784827,722151,4518,3.26,1.39,#Reels,281
2025-04-30,Instagram,Canada,45-54,Android,Reel,36219,9008,3028,470,1855652,791178,4818,18.75,3.41,#Trending,282
2024-06-10,LinkedIn,Canada,55+,Android,Short,150111,7639,1438,1829,1018755,99126,664,16.11,6.82,#Trending,283
2024-03-10,Twitter,USA,55+,Tablet,Carousel,177345,2648,4226,272,1820768,628485,2569,16.46,2.22,#AI,284
2024-05-04,TikTok,UAE,55+,Web,Carousel,161531,558,2892,1702,1815064,39849,793,13.52,3.52,#Shorts,285
2025-01-28,YouTube,India,18-24,iOS,Short,52380,14959,2563,1086,882658,726967,1925,13.56,7.45,#Shorts,286
2024-07-26,TikTok,India,45-54,iOS,Image,153242,17818,3819,2147,380623,339081,1209,2.48,3.28,#Trending,287
2024-09-08,Twitter,UAE,55+,iOS,Video,12039,1247,103,130,609604,559106,4191,9.58,6.73,#Trending,288
2024-01-29,TikTok,UAE,45-54,iOS,Reel,50083,5855,2537,1020,238963,1737721,1898,17.4,3.54,#AI,289
2024-11-18,LinkedIn,UAE,25-34,Android,Reel,21269,5168,4741,838,1669756,1619437,1808,7.94,5.98,#Digital,290
2024-01-11,Twitter,UAE,18-24,iOS,Short,173376,5429,405,2365,1773500,1563931,4136,8.54,5.02,#Shorts,291
2024-08-16,Instagram,Australia,13-18,Tablet,Reel,113302,8094,4984,1720,1401095,1694119,4204,3.75,4.02,#Reels,292
2024-09-16,Facebook,USA,25-34,iOS,Short,184407,10922,4736,2735,147169,809581,3389,2.68,2.47,#Trending,293
2025-03-08,Facebook,Canada,25-34,Web,Short,98467,2672,4058,6,908654,1517730,2727,7.68,4.34,#Digital,294
2024-09-16,Twitter,Australia,55+,Web,Short,193727,7114,3829,353,393183,1241089,1817,17.72,9.98,#Digital,295
2024-10-06,Facebook,UK,45-54,Web,Carousel,3876,12231,3831,1430,113120,1354576,3527,3.68,7.56,#Viral,296
2024-08-07,Twitter,Canada,18-24,Tablet,Reel,65530,13931,411,2589,142504,988803,2897,12.51,1.02,#Trending,297
2024-07-02,YouTube,Australia,45-54,Web,Carousel,123578,3105,3093,2814,1224576,1186355,4174,2.1,7.42,#Reels,298
2024-10-17,LinkedIn,USA,45-54,Tablet,Short,82237,14573,810,43,1108191,1633978,3593,4.31,3.19,#Shorts,299
2024-10-20,Twitter,UAE,55+,Tablet,Short,38718,12169,1505,1698,788665,769658,3728,13.61,3.58,#Shorts,300
2024-11-01,TikTok,UK,18-24,Tablet,Short,133974,2820,1391,1074,890921,1227170,398,13.33,0.16,#Digital,301
2024-12-09,TikTok,USA,25-34,Android,Reel,66708,8181,1571,2752,1469488,738378,4207,18.17,2.12,#Tech,302
2024-12-07,Instagram,UAE,13-18,iOS,Carousel,129799,441,575,2014,393909,461940,4615,3.46,11.69,#Tech,303
2024-06-02,TikTok,USA,25-34,iOS,Reel,10309,7059,1885,1749,1967684,1787839,887,14.07,0.58,#Shorts,304
2025-02-05,LinkedIn,Canada,25-34,Android,Video,156408,12873,1656,2187,998439,46050,122,18.34,3.37,#Trending,305
2024-07-05,Instagram,UAE,25-34,Tablet,Video,182925,4907,4936,995,1351762,1049029,3681,12.68,9.16,#Marketing,306
2024-07-13,TikTok,UAE,18-24,Android,Video,95056,7643,2694,1924,632167,335938,98,12.1,7.34,#Tech,307
2024-10-28,Facebook,India,25-34,Android,Video,113000,5092,3261,2959,1552557,951474,3392,3.48,6.38,#Shorts,308
2024-01-11,YouTube,UK,18-24,Tablet,Short,198525,18348,3077,2021,441559,1677898,4831,4.75,8.32,#AI,309
2024-05-16,TikTok,Canada,18-24,Android,Carousel,171387,16359,4691,1235,447969,1534064,3548,11.64,9.83,#Viral,310
2024-09-02,Facebook,India,13-18,iOS,Image,128795,16354,1096,1908,1658132,1096581,1847,1.61,1.6,#Shorts,311
2025-04-25,YouTube,USA,45-54,Android,Image,159760,17507,383,2086,1572290,259020,3968,18.13,8.1,#Marketing,312
2024-10-08,TikTok,UK,18-24,iOS,Video,88291,18015,1073,1136,331076,399680,287,8.64,5.47,#AI,313
2024-12-21,Twitter,India,13-18,Web,Carousel,196963,17122,3569,2038,1850302,208344,1939,13.39,2.08,#Tech,314
2024-03-08,LinkedIn,Canada,45-54,Web,Reel,107802,173,1032,2598,1443977,1360785,3038,9.43,7.79,#Digital,315
2024-04-25,Instagram,UK,18-24,Android,Reel,76579,16559,3328,2720,820313,330351,2732,15.88,5.16,#AI,316
2024-11-17,Twitter,Australia,35-44,iOS,Video,164702,19077,1314,1537,1150478,217272,4563,12.56,10.91,#Tech,317
2024-01-08,TikTok,UAE,55+,Web,Video,146558,19007,2785,1442,1975253,337107,4700,12.21,2.57,#Digital,318
2025-03-30,TikTok,India,45-54,Web,Reel,34598,10382,3981,941,923007,994462,165,5.8,11.92,#AI,319
2024-12-21,Instagram,Australia,45-54,Android,Image,130790,16367,4567,1861,391317,1699996,514,15.12,0.99,#Viral,320
2024-08-13,YouTube,Canada,25-34,iOS,Image,9616,17826,1023,217,389180,733947,3930,6.38,9.01,#Marketing,321
2024-06-16,Instagram,Australia,45-54,Android,Short,70287,7649,1971,2438,322739,69253,4817,18.61,8.29,#Viral,322
2025-04-11,TikTok,UAE,35-44,iOS,Image,199413,6979,2238,2350,1046558,1707586,1597,12.29,11.06,#Shorts,323
2024-08-08,Facebook,India,13-18,Tablet,Reel,74725,9302,2900,1403,1675737,451608,2271,17.21,0.35,#Shorts,324
2025-02-26,Instagram,Canada,25-34,iOS,Video,13912,17345,26,1135,1163616,560440,3658,12.75,0.79,#Shorts,325
2025-01-24,YouTube,Canada,13-18,iOS,Reel,162676,7425,730,2108,235708,1468249,4305,13.81,7.4,#Viral,326
2024-05-17,TikTok,Australia,55+,iOS,Reel,120815,6990,4346,2512,588566,1779909,1089,0.59,8.53,#AI,327
2024-06-17,Instagram,UK,18-24,Android,Short,191835,16838,3640,1069,360355,1665277,2028,18.39,6.19,#AI,328
2025-05-04,LinkedIn,UK,45-54,Web,Image,115779,13190,1228,1489,872036,1312144,449,17.15,3.41,#Tech,329
2024-11-20,YouTube,UAE,13-18,iOS,Image,157506,13154,642,746,1600856,1725726,4311,18.58,9.92,#Marketing,330
2024-08-03,LinkedIn,India,25-34,iOS,Reel,145390,12559,2686,957,479321,1431667,3156,2.42,7.34,#Digital,331
2024-08-20,Twitter,India,13-18,iOS,Short,131859,7248,2800,625,1871698,1233907,682,2.94,7.22,#Marketing,332
2025-02-09,LinkedIn,UK,13-18,Tablet,Reel,42771,13899,2478,2066,1143083,323259,978,7.85,3.8,#Reels,333
2024-03-30,Twitter,UK,55+,Android,Carousel,19137,5783,3497,2830,810044,847937,1236,3.09,9.72,#Viral,334
2024-11-02,YouTube,UK,13-18,iOS,Carousel,187882,13744,2921,2603,26073,763891,2408,9.89,6.91,#Tech,335
2025-02-24,Instagram,India,18-24,Tablet,Image,131244,9051,810,1251,1713203,1231882,3231,19.46,0.42,#Viral,336
2024-02-14,YouTube,USA,55+,Web,Reel,12953,15526,1110,504,1032918,843722,4581,12.67,9.11,#Tech,337
2024-04-02,Facebook,India,55+,Tablet,Image,86499,9814,1286,2043,1555243,395108,4540,19.32,9.08,#AI,338
2025-04-28,YouTube,UK,25-34,Tablet,Carousel,198939,7204,1791,1286,1630517,685255,2583,8.45,3.32,#Viral,339
2024-12-05,YouTube,USA,18-24,Tablet,Carousel,47577,13137,4743,2741,229012,223107,3507,6.45,0.58,#AI,340
2024-12-03,TikTok,UAE,25-34,iOS,Reel,115643,4062,2505,2551,1314038,647009,1186,3.89,5.42,#Tech,341
2025-05-02,Facebook,Canada,45-54,Web,Short,60356,19724,4392,1103,1884772,1190525,2126,10.06,4.75,#Marketing,342
2025-01-18,Facebook,India,35-44,Web,Image,37460,6693,2460,553,1906635,913092,3112,0.66,7.19,#Shorts,343
2024-04-18,TikTok,India,18-24,Tablet,Reel,93498,14650,1885,2276,1193342,1415378,3315,5.33,6.39,#Reels,344
2024-03-02,YouTube,UK,55+,Android,Carousel,115124,2210,4933,2648,1822932,856380,1966,14.78,4.16,#AI,345
2024-12-26,TikTok,UAE,18-24,Tablet,Image,189622,11723,2120,400,1942133,1311501,1010,14.32,2.37,#Viral,346
2024-09-04,Facebook,USA,35-44,Web,Video,53734,14710,3953,2442,310084,1603247,1578,9.22,3.23,#AI,347
2024-09-04,TikTok,Australia,55+,iOS,Image,49535,19449,4023,2162,413050,1006662,1567,1.01,6.17,#Marketing,348
2024-01-15,TikTok,UAE,35-44,Web,Short,46177,8224,4573,1402,19121,200124,686,16.06,8.04,#Reels,349
2025-04-07,YouTube,Australia,25-34,iOS,Reel,13088,1627,4427,259,1804130,1718350,2614,15.26,10.7,#Marketing,350
2024-01-24,YouTube,USA,25-34,Web,Reel,123544,17746,1544,2282,578827,1059705,682,7.44,8.37,#AI,351
2024-11-14,Facebook,Australia,13-18,iOS,Short,143280,14888,414,1227,1379656,978673,2041,15.41,5.05,#Trending,352
2025-02-16,Twitter,Canada,13-18,Android,Image,109500,13122,2533,1700,400123,1731861,1693,18.66,11.22,#Reels,353
2024-04-27,Facebook,UAE,45-54,iOS,Image,139875,16124,2014,485,170666,1056079,290,18.76,2.48,#Digital,354
2024-03-21,Instagram,Canada,35-44,Tablet,Carousel,141856,4417,1762,288,1260332,1724447,4659,15.03,0.15,#Trending,355
2024-08-28,Twitter,India,35-44,Android,Image,114578,9747,1078,2235,750280,454458,3623,13.73,7.38,#Reels,356
2024-08-26,Instagram,Australia,45-54,iOS,Video,175035,4302,3525,1160,696586,446437,2908,11.19,0.77,#Tech,357
2024-06-01,Facebook,UK,55+,Tablet,Short,126799,10578,520,950,759273,1647839,1591,2.18,10.19,#Digital,358
2024-05-06,Facebook,India,25-34,Web,Carousel,106563,13949,3195,2448,1788209,1341432,2530,3.53,7.2,#Shorts,359
2024-05-23,YouTube,USA,13-18,iOS,Reel,173005,11403,3793,2512,1548201,793700,2632,7.41,8.0,#Digital,360
2025-03-09,Instagram,Canada,13-18,Tablet,Short,69031,1533,2963,2672,1386132,183290,2023,11.99,0.57,#Digital,361
2025-04-09,Facebook,UK,25-34,Web,Reel,137776,8775,482,1601,1288141,372703,4320,11.21,11.54,#Digital,362
2024-05-07,Facebook,UK,35-44,iOS,Short,8836,1889,226,2502,441323,1238202,1844,14.99,6.09,#Viral,363
2025-05-09,Facebook,USA,13-18,iOS,Reel,150147,12475,3956,1832,1455687,1127415,2199,6.84,3.22,#AI,364
2025-05-09,TikTok,India,35-44,iOS,Reel,54137,18531,3101,1858,822101,512157,4682,7.2,3.18,#Shorts,365
2024-03-25,Instagram,India,45-54,Tablet,Carousel,185555,16244,4573,2416,1852534,733733,2658,13.46,10.22,#AI,366
2024-08-23,Facebook,UAE,13-18,Android,Image,51874,16907,290,34,1284895,27172,868,3.24,9.63,#Marketing,367
2024-08-27,LinkedIn,India,55+,Web,Image,185620,455,4171,576,1503961,265651,2799,10.82,5.15,#Digital,368
2024-08-06,LinkedIn,USA,45-54,Android,Short,63450,14357,4843,1365,15962,1270641,3720,8.71,8.1,#Marketing,369
2025-01-08,Facebook,USA,35-44,Android,Carousel,79638,4742,320,1641,112045,1392025,3302,7.33,9.76,#Trending,370
2024-01-05,Twitter,Australia,35-44,Android,Image,105150,11119,2904,2597,87915,1497009,3821,10.6,3.97,#Trending,371
2024-05-29,TikTok,India,55+,Android,Reel,11068,7334,2720,292,35937,887079,453,5.91,11.23,#Tech,372
2024-02-02,Instagram,India,55+,iOS,Short,11327,2826,2638,1054,1724258,878107,2390,6.74,2.87,#Digital,373
2025-02-27,TikTok,India,45-54,Tablet,Image,138604,14445,3507,147,1650977,614844,1075,0.59,4.81,#Digital,374
2025-01-20,TikTok,Canada,35-44,iOS,Video,102219,6980,4799,1123,1993330,327135,912,7.35,8.9,#Reels,375
2024-12-20,YouTube,Canada,18-24,Tablet,Image,151355,16255,4492,1358,1717766,810921,393,0.54,5.92,#Tech,376
2024-04-16,TikTok,India,13-18,Tablet,Reel,113097,7285,3597,2816,276645,698052,4327,5.43,7.53,#Trending,377
2025-04-11,Twitter,India,35-44,Android,Carousel,89272,6768,2659,1397,708933,1602822,3938,9.55,9.19,#Shorts,378
2024-04-13,LinkedIn,India,25-34,Android,Short,39069,13686,2717,217,1094847,1684365,3062,7.35,10.86,#Tech,379
2024-12-12,Instagram,UK,25-34,Android,Reel,136214,5809,2961,171,57137,318348,3337,10.79,5.32,#Trending,380
2024-12-25,YouTube,UK,45-54,Tablet,Reel,65424,2944,171,579,1092772,1207100,1147,15.97,1.93,#Shorts,381
2025-02-23,LinkedIn,UAE,25-34,Web,Video,48743,12635,1618,315,389366,512028,1892,18.62,2.9,#Shorts,382
2024-02-28,Facebook,India,35-44,Web,Reel,50324,16786,270,936,1754430,1193997,4863,7.02,4.52,#AI,383
2025-02-26,Facebook,USA,35-44,iOS,Video,149653,955,1576,2396,16058,1208317,4610,14.91,11.61,#Digital,384
2024-09-14,YouTube,India,55+,Web,Reel,143462,7183,696,1560,953654,512794,3056,13.66,6.59,#Viral,385
2025-05-03,Instagram,Australia,45-54,Android,Image,148219,8231,1516,1033,903735,367255,1642,6.41,3.72,#Reels,386
2025-03-12,YouTube,UK,13-18,Tablet,Short,170452,2720,385,1929,897146,668313,3774,12.62,4.23,#Viral,387
2025-02-05,YouTube,Canada,13-18,Web,Carousel,128040,12868,3125,953,1084533,947600,3898,3.14,9.37,#Tech,388
2024-06-22,Twitter,Canada,13-18,Tablet,Video,105779,3895,1108,1014,16109,1560919,3675,17.72,8.12,#Marketing,389
2024-10-05,Facebook,USA,35-44,Android,Carousel,62543,4523,1696,2388,1098503,525323,692,18.47,9.87,#Reels,390
2024-02-23,Facebook,UAE,25-34,Web,Short,30891,4541,2549,1461,1141192,1293194,893,13.34,11.25,#Trending,391
2025-04-18,LinkedIn,India,45-54,Web,Video,49092,19042,3423,2968,39578,1762140,795,4.67,0.22,#Shorts,392
2024-11-26,Twitter,India,18-24,Tablet,Reel,38739,13433,554,1308,782811,43577,2399,12.4,1.39,#Shorts,393
2025-05-10,Facebook,Australia,55+,Web,Video,136603,974,708,2312,674824,1744920,4967,15.91,1.56,#Digital,394
2025-01-19,Twitter,Canada,35-44,iOS,Carousel,50631,15545,679,1289,247167,821955,2205,7.38,2.78,#Shorts,395
2024-10-18,Instagram,UK,55+,Web,Short,170110,5112,634,2701,202459,1012615,1815,10.36,2.4,#Shorts,396
2025-01-04,Twitter,UK,55+,iOS,Reel,28393,14871,4602,2997,287164,1642940,3399,14.1,9.26,#Reels,397
2024-03-24,Facebook,UK,35-44,Tablet,Image,89389,12379,4861,315,871465,9991,2139,16.02,5.56,#Viral,398
2024-12-16,TikTok,UAE,55+,Tablet,Reel,137085,11132,3316,791,1140303,871516,1408,9.07,11.68,#Shorts,399
2024-03-12,YouTube,Australia,45-54,Tablet,Reel,165342,4901,1363,2727,247013,1156331,3944,18.33,10.1,#Marketing,400
2024-02-09,Instagram,UAE,25-34,Tablet,Image,85891,10143,4603,703,585903,1744366,1080,19.02,2.11,#Reels,401
2024-12-09,TikTok,Australia,18-24,iOS,Reel,146942,4299,4255,752,649933,1262582,1778,14.48,10.67,#AI,402
2024-12-05,Instagram,India,25-34,Web,Reel,107448,13385,3263,2060,73165,1133864,2049,2.4,10.66,#Shorts,403
2025-01-09,Facebook,Australia,55+,Android,Carousel,136690,767,2000,2656,1020153,821400,3565,11.69,2.0,#Reels,404
2024-11-30,TikTok,UK,55+,Android,Image,116480,19602,4199,796,1319915,634556,3451,2.33,8.35,#Viral,405
2024-01-30,Twitter,India,18-24,Android,Video,140188,6468,3724,1445,1115689,999102,4722,7.95,11.48,#Reels,406
2024-01-20,TikTok,Australia,25-34,Tablet,Reel,135846,13478,2138,2968,285868,931221,4500,15.91,7.5,#Viral,407
2024-10-20,YouTube,UAE,13-18,Web,Reel,125221,12737,1965,2399,1727223,1073795,2367,14.51,6.24,#Trending,408
2024-01-02,Facebook,UAE,55+,iOS,Carousel,40161,19811,339,2329,706370,963676,174,11.39,3.04,#Marketing,409
2024-05-13,Instagram,USA,13-18,Web,Reel,3214,3920,2226,861,1652843,1738477,3411,17.85,8.4,#Reels,410
2024-12-27,Instagram,UK,18-24,iOS,Carousel,84858,10597,32,2027,518863,658044,3552,19.12,11.19,#Reels,411
2024-03-22,Instagram,USA,35-44,Android,Carousel,112105,17300,2868,208,1964378,512741,4801,18.68,8.63,#AI,412
2024-06-12,Instagram,Canada,13-18,Web,Reel,109202,14918,1739,2173,1995853,1590045,159,19.84,10.33,#Tech,413
2024-03-18,Instagram,USA,45-54,Tablet,Reel,118747,8643,1099,2307,203021,1542651,1450,7.86,8.66,#Viral,414
2024-01-26,Twitter,UK,55+,Android,Reel,187359,6522,1830,398,1846951,549027,2375,8.91,11.3,#Digital,415
2024-04-07,YouTube,Australia,45-54,Web,Image,194728,6971,1089,705,442239,176491,1611,13.12,4.04,#AI,416
2024-04-27,Twitter,UK,25-34,Android,Short,70031,3899,1516,2296,244420,1611993,3001,6.44,10.37,#Tech,417
2025-04-22,TikTok,India,13-18,Web,Short,83879,4303,931,2739,1210709,18290,3487,18.84,3.45,#Tech,418
2025-03-30,YouTube,India,35-44,Tablet,Carousel,128857,18805,3619,963,1719304,1007957,2745,4.07,4.21,#Tech,419
2025-03-18,Twitter,Canada,25-34,iOS,Image,166770,2504,990,406,1567353,1269752,2798,9.5,9.3,#Trending,420
2025-02-17,Facebook,Canada,45-54,iOS,Image,109300,4972,1730,2104,82482,1358405,4760,10.3,9.24,#Marketing,421
2024-03-22,Instagram,UK,25-34,Tablet,Video,93380,4012,115,2225,769775,716129,4275,2.52,8.09,#Viral,422
2025-02-09,Facebook,USA,18-24,Android,Video,174935,351,62,776,825398,1498736,1998,15.52,9.46,#Digital,423
2024-05-24,YouTube,USA,25-34,iOS,Short,43430,6238,409,2054,46504,308667,4996,16.36,11.05,#Trending,424
2024-10-13,YouTube,USA,25-34,Tablet,Image,84351,18348,3153,195,1041111,94634,2518,13.4,8.15,#Marketing,425
2025-03-15,LinkedIn,UAE,35-44,Web,Reel,81765,13519,2026,2321,1014993,221845,3233,4.39,4.23,#Shorts,426
2025-04-09,Instagram,USA,13-18,iOS,Carousel,96665,160,3939,2577,271503,1157646,705,19.85,1.5,#Shorts,427
2024-06-07,Instagram,Australia,45-54,Android,Video,90958,5083,4321,2690,410065,868141,2421,2.13,8.73,#Reels,428
2024-01-13,YouTube,Canada,55+,Android,Reel,145012,18946,2239,1389,92012,692848,3787,13.04,4.7,#Trending,429
2024-03-31,LinkedIn,USA,25-34,Android,Carousel,70586,10764,3902,1400,825377,1029878,2474,7.14,2.42,#AI,430
2025-04-12,Instagram,India,13-18,Web,Image,61445,12381,4192,2196,834890,539874,1415,3.91,8.67,#Marketing,431
2025-02-04,Instagram,India,45-54,Android,Video,89757,886,1780,341,1678982,114358,201,5.98,5.2,#AI,432
2024-04-02,Facebook,UK,35-44,Android,Video,45286,11367,2254,2720,844931,653570,3054,4.29,1.34,#Shorts,433
2024-02-08,Twitter,UK,25-34,Tablet,Short,157918,14482,1042,627,656238,1478415,3232,1.71,9.57,#AI,434
2024-12-20,LinkedIn,Canada,55+,iOS,Video,143437,6426,1009,2526,1488184,601710,864,16.99,2.44,#AI,435
2024-01-08,TikTok,India,13-18,iOS,Image,93452,2604,3246,2032,329145,1718365,4299,19.69,0.37,#Tech,436
2024-04-16,YouTube,USA,55+,Tablet,Short,131456,6815,3699,2622,1238919,1625833,3214,16.57,3.88,#Shorts,437
2024-06-14,Twitter,Australia,25-34,Tablet,Carousel,182240,6070,70,2983,343763,1736306,1307,5.37,1.98,#Reels,438
2024-01-15,Facebook,UAE,18-24,Android,Video,64138,15669,1197,1013,1281913,685927,2127,13.03,5.59,#Marketing,439
2024-04-23,YouTube,UK,13-18,Web,Short,10901,1917,4642,1200,412250,233295,2978,6.14,8.89,#Reels,440
2024-05-08,YouTube,UAE,55+,iOS,Image,106398,15959,2852,2244,1747832,21757,212,14.95,4.91,#Viral,441
2025-04-25,Facebook,Australia,55+,Android,Image,118008,12810,2578,1427,202012,823778,1989,8.56,9.14,#Trending,442
2024-05-10,TikTok,UAE,25-34,Web,Reel,198438,8196,3453,1886,1725964,1749098,4909,11.1,8.05,#Trending,443
2025-05-01,TikTok,UK,55+,iOS,Short,176722,12977,4725,58,1769538,1155323,3703,0.7,1.78,#Digital,444
2024-02-07,Instagram,Australia,18-24,Android,Carousel,193108,19042,3314,458,1847336,871041,115,3.34,5.1,#Tech,445
2025-03-07,TikTok,Australia,55+,Android,Image,184437,14725,4783,474,1364782,1618316,1509,10.67,6.44,#Viral,446
2024-03-03,Instagram,UAE,25-34,Tablet,Image,73835,18426,4790,1303,127377,1144712,2692,8.6,4.03,#Trending,447
2025-03-21,Twitter,UAE,25-34,Web,Reel,15210,15919,1537,1233,1740689,1588609,2964,5.37,5.28,#Shorts,448
2024-01-15,TikTok,UK,55+,Android,Short,145812,9385,3196,802,649053,734520,960,12.17,9.51,#Shorts,449
2024-03-02,LinkedIn,UK,25-34,Android,Carousel,114811,6376,2467,1403,35476,686387,4433,16.49,11.49,#Tech,450
2025-01-15,Instagram,Canada,45-54,Android,Video,44122,9451,4196,62,1830027,689929,897,18.74,7.89,#AI,451
2024-12-27,LinkedIn,USA,25-34,iOS,Reel,62705,7880,106,153,904026,722491,3937,13.89,5.82,#Marketing,452
2024-03-22,YouTube,UAE,45-54,Tablet,Image,74368,6453,911,1601,1899766,1668556,700,6.8,1.7,#AI,453
2024-02-07,Facebook,USA,25-34,Android,Video,19259,1770,2288,799,143070,765281,3581,9.71,1.97,#Viral,454
2024-08-10,Twitter,UAE,45-54,Android,Short,149566,6273,3006,2314,986491,351375,800,3.9,0.74,#Trending,455
2025-02-07,Instagram,Australia,25-34,Tablet,Reel,123243,19149,4758,2525,1046016,223317,2661,5.79,2.84,#Reels,456
2025-03-18,Twitter,Canada,18-24,Web,Carousel,56480,7973,3394,2198,301550,1544745,807,15.59,2.89,#Tech,457
2024-01-07,LinkedIn,UK,35-44,Tablet,Image,128004,1636,307,1215,1201414,230931,3606,19.36,2.5,#AI,458
2024-12-22,TikTok,UK,35-44,Tablet,Image,100641,9624,4256,2549,499375,1705118,2561,14.22,11.38,#Reels,459
2025-04-19,TikTok,Australia,13-18,Android,Carousel,12260,17175,4128,166,1297371,263568,4791,6.38,5.68,#Tech,460
2024-03-12,Facebook,Canada,25-34,Android,Image,126016,19859,188,1149,1249681,145677,3093,12.63,7.79,#Trending,461
2024-11-29,LinkedIn,Australia,13-18,Tablet,Video,9994,16318,260,2907,1028399,253307,3692,18.24,2.92,#Digital,462
2024-08-29,Twitter,USA,18-24,Android,Short,98677,17754,3269,2437,1826918,106059,2225,4.5,6.94,#Trending,463
2024-11-30,YouTube,UK,45-54,Tablet,Image,11669,1365,4074,837,1163401,28842,3892,19.67,9.71,#Tech,464
2025-03-30,TikTok,Canada,55+,Android,Reel,51028,1079,3129,715,1652738,418675,4802,17.67,2.38,#Shorts,465
2024-08-12,YouTube,UK,25-34,iOS,Video,29043,16925,2097,1449,608612,886950,3875,15.51,8.38,#Shorts,466
2024-02-21,LinkedIn,Australia,18-24,Android,Reel,189351,16679,1006,361,86992,1023349,2363,4.16,6.27,#Reels,467
2024-12-19,Facebook,Canada,13-18,Web,Short,35265,3125,880,687,1110255,524449,3011,5.02,5.58,#Trending,468
2024-09-16,LinkedIn,UAE,25-34,iOS,Short,81846,15836,72,2658,1533509,1431571,1489,13.88,6.39,#Reels,469
2024-05-08,Instagram,USA,35-44,Tablet,Image,104558,14725,3964,1639,1944946,704242,391,4.6,8.08,#Viral,470
2024-04-14,Facebook,UAE,18-24,Android,Image,195905,17708,2667,840,669239,1761546,2528,12.46,7.68,#Digital,471
2024-05-06,Facebook,Canada,25-34,Tablet,Image,111334,10636,4430,2697,1825520,1656285,159,9.5,9.53,#Reels,472
2024-05-06,LinkedIn,Australia,55+,Web,Video,126844,2504,2790,533,1631980,1668484,1316,8.23,0.38,#Tech,473
2024-11-29,Facebook,UK,55+,Tablet,Reel,22443,19939,4642,1718,679001,136856,1387,5.95,10.46,#Tech,474
2024-04-04,YouTube,Australia,18-24,Web,Carousel,23715,4232,1222,1052,258542,688523,3247,6.07,5.13,#Reels,475
2024-06-14,Twitter,Canada,25-34,iOS,Video,29796,7180,995,1998,1409714,188950,1505,16.79,11.24,#Viral,476
2024-04-23,YouTube,UAE,13-18,Web,Carousel,51203,18139,110,2673,1158565,1099887,4681,5.1,8.39,#Tech,477
2024-02-22,Facebook,Canada,25-34,iOS,Carousel,133284,3757,1746,2858,1478532,1128496,1690,17.64,9.54,#Reels,478
2024-12-05,Twitter,UAE,35-44,Web,Carousel,39179,18328,3759,316,1208872,237246,1547,7.65,11.84,#Trending,479
2024-09-15,Instagram,Australia,18-24,iOS,Image,192230,2184,1247,2660,1088293,1315804,3051,11.6,2.06,#Viral,480
2025-04-27,LinkedIn,USA,13-18,Web,Carousel,10049,4010,1993,664,1633444,643512,4002,14.3,4.61,#AI,481
2025-05-08,TikTok,USA,18-24,iOS,Reel,22781,1065,2481,1874,962553,75346,4998,3.49,9.43,#Shorts,482
2024-08-12,Facebook,India,55+,Android,Image,109071,6134,1580,382,599640,669127,1508,19.23,7.88,#Reels,483
2024-01-15,LinkedIn,India,18-24,iOS,Reel,62541,1490,85,2542,1497955,1355243,401,15.49,6.36,#AI,484
2024-01-03,TikTok,UAE,13-18,Tablet,Short,52590,736,174,224,1285716,54811,3338,14.28,9.1,#Shorts,485
2024-12-13,Twitter,UK,55+,Android,Reel,95700,16931,1791,1483,285005,849934,3420,18.46,9.76,#Reels,486
2025-04-19,LinkedIn,UK,45-54,Web,Carousel,149290,12234,2078,2494,1679513,1045947,385,4.19,6.18,#Trending,487
2025-01-01,TikTok,UK,25-34,iOS,Short,180039,8098,3701,1472,72747,1486951,4737,13.88,9.03,#Shorts,488
2024-08-26,Facebook,UK,55+,iOS,Carousel,73771,6718,4465,474,390415,63281,4051,6.87,7.06,#Shorts,489
2024-06-09,Facebook,India,25-34,iOS,Video,93341,4282,2687,1160,1706575,405691,4511,11.78,2.77,#Trending,490
2025-04-11,YouTube,USA,35-44,Web,Carousel,108035,277,104,2933,783356,1073370,4702,17.7,4.72,#Tech,491
2025-03-15,LinkedIn,UAE,25-34,Tablet,Short,30384,7043,1121,2784,340933,975777,484,19.69,8.84,#Reels,492
2025-01-12,LinkedIn,UK,35-44,Web,Carousel,159149,10157,3956,817,938076,1323691,1175,9.84,11.28,#Shorts,493
2024-10-15,YouTube,UAE,55+,iOS,Short,123371,13437,1401,991,1296663,70767,772,8.89,9.62,#Viral,494
2025-02-18,YouTube,India,45-54,Android,Video,118661,8154,3780,2837,144951,1234976,4119,2.34,5.67,#Digital,495
2024-09-16,TikTok,USA,55+,iOS,Carousel,38396,12952,1454,844,431932,1667312,2683,1.02,0.66,#Digital,496
2024-08-11,LinkedIn,USA,55+,Android,Short,165148,1507,4378,374,1646946,26049,4781,3.02,0.9,#Shorts,497
2024-08-21,Twitter,USA,55+,iOS,Short,156111,4546,2789,1019,1590986,278403,3417,1.17,2.87,#Tech,498
2024-08-07,Twitter,UAE,25-34,Tablet,Short,120917,12333,4468,255,1888678,764840,1506,15.94,5.36,#Trending,499
2024-09-04,Instagram,India,55+,Tablet,Short,107619,6997,1142,166,870751,862186,3925,5.83,2.92,#Reels,500
